,Model,LL,Best LL - Ground Truth LL,Num Points,True Model,Observer Noise,Model Noise,RMS Distance,RMS:Sigma,Sampling Method
0,ground truth,-0.9882540180040332,0.1625189161793782,37,7D,5,5,3.7944616322803064,0.7588923264560613,gaussian
1,ground truth,-0.9866025899392568,0.16514299864864368,37,7D,6,6,4.053874348477231,0.6756457247462051,gaussian
2,ground truth,-0.9924773996405043,0.1636104600834155,37,7D,7,7,3.630712861828982,0.5186732659755688,gaussian
3,ground truth,-0.994313699486557,0.1617027426097617,37,7D,8,8,3.8898570337971523,0.48623212922464404,gaussian
4,ground truth,-0.9973456435937632,0.16840581170139124,37,7D,9,9,3.6212537143582106,0.40236152381757895,gaussian
5,ground truth,-0.9968230065605899,0.16205667956587733,37,7D,10,10,3.8521909336322904,0.385219093363229,gaussian
