,Model,LL,Best LL - Ground Truth LL,Num Points,True Model,Observer Noise,Model Noise,RMS Distance,RMS:Sigma,Sampling Method
0,ground truth,-0.9906658335370868,0.16800500195783452,37,7D,5,5,3.4971447327320795,0.6994289465464159,gaussian
1,ground truth,-0.9911585638061322,0.17119722769488832,37,7D,6,6,3.740431081136152,0.6234051801893586,gaussian
2,ground truth,-0.9915738949984982,0.16596587047232292,37,7D,7,7,3.777573815198122,0.5396534021711603,gaussian
3,ground truth,-0.9968507683569299,0.157751104221185,37,7D,8,8,3.709465577098964,0.4636831971373705,gaussian
4,ground truth,-0.9948469022237127,0.16551079068678431,37,7D,9,9,3.7800184384751434,0.4200020487194604,gaussian
5,ground truth,-0.9962041910398209,0.16611750302716566,37,7D,10,10,3.836192034181179,0.3836192034181179,gaussian
