,Model,LL,Best LL - Ground Truth LL,Num Points,True Model,Observer Noise,Model Noise,RMS Distance,RMS:Sigma,Sampling Method
0,ground truth,-0.6747714790039401,0.1514759204435714,37,7D,0.7,0.7,3.6671639873646,5.238805696235143,gaussian
1,ground truth,-0.7010685702824188,0.15396358241505048,37,7D,0.75,0.75,3.6880695023863423,4.91742600318179,gaussian
2,ground truth,-0.7068521111802345,0.15677370754445674,37,7D,0.8,0.8,3.6765779011352455,4.595722376419056,gaussian
3,ground truth,-0.7278314753480954,0.1538236065482086,37,7D,0.8500000000000001,0.8500000000000001,3.598124862316663,4.233088073313721,gaussian
4,ground truth,-0.7460017456069044,0.15878369899886557,37,7D,0.9000000000000001,0.9000000000000001,3.883284035211913,4.314760039124347,gaussian
5,ground truth,-0.763740834857267,0.15515712473716825,37,7D,0.9500000000000002,0.9500000000000002,3.5879083508064546,3.776745632427846,gaussian
6,ground truth,-0.7719930122748364,0.15828118551625436,37,7D,1.0000000000000002,1.0000000000000002,3.9330280735350396,3.9330280735350387,gaussian
7,ground truth,-0.8018983438448063,0.16798294479089904,37,7D,1.0500000000000003,1.0500000000000003,3.5763490702505933,3.406046733571993,gaussian
